{
  "controller/View1-dbg.controller.js": 1599669883000,
  "Component.js": 1599669883000,
  "model/models.js": 1599669883000,
  "controller/View1.controller.js": 1599669883000,
  "manifest.json": 1599733153050,
  "manifest-bundle.zip": 1599733152852,
  "Component-preload.js": 1599733153020,
  "model/models-dbg.js": 1599669883000,
  "i18n/i18n.properties": 1599669883000,
  "Component-dbg.js": 1599669883000,
  "resources.json": 1599733153056,
  "view/View1.view.xml": 1599669883000,
  "css/style.css": 1599669883000,
  "index.html": 1599669883000
}